[{"model": "contenttypes.contenttype", "pk": 1, "fields": {"app_label": "admin", "model": "logentry"}}, {"model": "contenttypes.contenttype", "pk": 2, "fields": {"app_label": "auth", "model": "user"}}, {"model": "contenttypes.contenttype", "pk": 3, "fields": {"app_label": "auth", "model": "permission"}}, {"model": "contenttypes.contenttype", "pk": 4, "fields": {"app_label": "auth", "model": "group"}}, {"model": "contenttypes.contenttype", "pk": 5, "fields": {"app_label": "contenttypes", "model": "contenttype"}}, {"model": "contenttypes.contenttype", "pk": 6, "fields": {"app_label": "sessions", "model": "session"}}, {"model": "contenttypes.contenttype", "pk": 7, "fields": {"app_label": "pur_beurre", "model": "product"}}, {"model": "contenttypes.contenttype", "pk": 8, "fields": {"app_label": "pur_beurre", "model": "save"}}, {"model": "sessions.session", "pk": "5980wy5ieiizkzdhaur28aka1air9k9e", "fields": {"session_data": "NzM0MjY0MDczMzIzM2IyOWZiYWQ0ZDIzNmU3NTg5YjY0MmUwM2FmYjp7Il9hdXRoX3VzZXJfYmFja2VuZCI6ImRqYW5nby5jb250cmliLmF1dGguYmFja2VuZHMuTW9kZWxCYWNrZW5kIiwiX2F1dGhfdXNlcl9pZCI6IjIiLCJfYXV0aF91c2VyX2hhc2giOiI1NjE5YzUwM2JiYjViYzQwZWE0NzIxNTU2YTcyYTEzODYxNzQyZGQwIn0=", "expire_date": "2018-09-19T11:25:04.476Z"}}, {"model": "sessions.session", "pk": "6k89e648orhyaq9c82bgupxtu3qe6pyl", "fields": {"session_data": "NzM0MjY0MDczMzIzM2IyOWZiYWQ0ZDIzNmU3NTg5YjY0MmUwM2FmYjp7Il9hdXRoX3VzZXJfYmFja2VuZCI6ImRqYW5nby5jb250cmliLmF1dGguYmFja2VuZHMuTW9kZWxCYWNrZW5kIiwiX2F1dGhfdXNlcl9pZCI6IjIiLCJfYXV0aF91c2VyX2hhc2giOiI1NjE5YzUwM2JiYjViYzQwZWE0NzIxNTU2YTcyYTEzODYxNzQyZGQwIn0=", "expire_date": "2018-10-02T13:40:09.780Z"}}, {"model": "sessions.session", "pk": "6nds9hhmh3ima5nefcg676dcpmv1g1g4", "fields": {"session_data": "MDE0ZGYzMzRkOWMzNjYzZjI2ODNhZjYzNzhjZTc4MzMxOTc0NDM0Yjp7Il9hdXRoX3VzZXJfaWQiOiIyIiwiX2F1dGhfdXNlcl9iYWNrZW5kIjoiZGphbmdvLmNvbnRyaWIuYXV0aC5iYWNrZW5kcy5Nb2RlbEJhY2tlbmQiLCJfYXV0aF91c2VyX2hhc2giOiI1YTgzZjhmNjhiNDU0ZWFhYmNlMjJmMDAwNzVhNmVkODdkMmM1YzhjIn0=", "expire_date": "2018-10-17T15:16:29.568Z"}}, {"model": "sessions.session", "pk": "6pri0uokdz3a9iwtet07bx9xljyo23fb", "fields": {"session_data": "MDE0ZGYzMzRkOWMzNjYzZjI2ODNhZjYzNzhjZTc4MzMxOTc0NDM0Yjp7Il9hdXRoX3VzZXJfaWQiOiIyIiwiX2F1dGhfdXNlcl9iYWNrZW5kIjoiZGphbmdvLmNvbnRyaWIuYXV0aC5iYWNrZW5kcy5Nb2RlbEJhY2tlbmQiLCJfYXV0aF91c2VyX2hhc2giOiI1YTgzZjhmNjhiNDU0ZWFhYmNlMjJmMDAwNzVhNmVkODdkMmM1YzhjIn0=", "expire_date": "2018-10-17T15:15:10.369Z"}}, {"model": "sessions.session", "pk": "ezrren6u7hdioks4mo2h9glfn9gnluwo", "fields": {"session_data": "NDUzNzgwZGE5MmI0NWUxZmRiMDAxYTQzMzRkMjk4ODUzZThiN2U4Mjp7Il9hdXRoX3VzZXJfYmFja2VuZCI6ImRqYW5nby5jb250cmliLmF1dGguYmFja2VuZHMuTW9kZWxCYWNrZW5kIiwiX2F1dGhfdXNlcl9pZCI6IjkiLCJfYXV0aF91c2VyX2hhc2giOiI1OWEzZGE2ODBkNmVjN2E1N2U1NjUwMzM1MjEyMDY4YTFmNTUwN2Y0In0=", "expire_date": "2018-10-01T15:44:13.248Z"}}, {"model": "sessions.session", "pk": "fp74aergpkv4gumsdat20xti9pb72onw", "fields": {"session_data": "ZGYyODQxZGI0ZDg0MTJlZmJjY2UzMzZjNDQ4ZmQzNzY4ZTNmOGRiNDp7Il9hdXRoX3VzZXJfaWQiOiIyIiwiX2F1dGhfdXNlcl9iYWNrZW5kIjoiZGphbmdvLmNvbnRyaWIuYXV0aC5iYWNrZW5kcy5Nb2RlbEJhY2tlbmQiLCJfYXV0aF91c2VyX2hhc2giOiI1NjE5YzUwM2JiYjViYzQwZWE0NzIxNTU2YTcyYTEzODYxNzQyZGQwIn0=", "expire_date": "2018-09-12T13:18:40.855Z"}}, {"model": "sessions.session", "pk": "nfzx17gu31i0bv7s23zkuxa8icwawb0h", "fields": {"session_data": "ZmY5NDk2ZjM2YWIwNzczZmI0NzlhMjM1Mzk2YjY1ZThmOWE1YzY0ZDp7Il9hdXRoX3VzZXJfaWQiOiIxIiwiX2F1dGhfdXNlcl9iYWNrZW5kIjoiZGphbmdvLmNvbnRyaWIuYXV0aC5iYWNrZW5kcy5Nb2RlbEJhY2tlbmQiLCJfYXV0aF91c2VyX2hhc2giOiI0NjdjYWQyZWViOWE1NGVhNGM4NmVkMzhlMDBiMWM4YWE1MTc4N2VhIn0=", "expire_date": "2018-09-12T13:19:47.547Z"}}, {"model": "sessions.session", "pk": "x3b6r02q949b1r0gbmkkvj6gln81d4sw", "fields": {"session_data": "Njk3MjNiZGZjOTE1NWM4OGJkOGU1MmViNGNhNDhmNzY2MjJiMDdjODp7Il9hdXRoX3VzZXJfYmFja2VuZCI6ImRqYW5nby5jb250cmliLmF1dGguYmFja2VuZHMuTW9kZWxCYWNrZW5kIiwiX2F1dGhfdXNlcl9oYXNoIjoiNTYxOWM1MDNiYmI1YmM0MGVhNDcyMTU1NmE3MmExMzg2MTc0MmRkMCIsIl9hdXRoX3VzZXJfaWQiOiIyIn0=", "expire_date": "2018-10-08T15:28:20.820Z"}}, {"model": "pur_beurre.product", "pk": "0490000171532", "fields": {"name": "Tender Break", "brand": "Milka,Mondelez", "nutriscore": 4, "description": "Sucre, farine de _bl\u00e9_, huiles v\u00e9g\u00e9tales (colza, palme), _beurre_ p\u00e2tissier, p\u00e2te de cacao, cacao maigre en poudre 2,6 %, beurre de cacao, amidon modifi\u00e9, lactose (de _lait_), _lait_ entier en poudre, lactos\u00e9rum en poudre (de _lait_), _lait_ \u00e9cr\u00e9m\u00e9 en poudre, \u00e9mulsifiants (l\u00e9cithine de _soja_, E476), _\u0153ufs_ en poudre, sel, poudre \u00e0 lever (diphosphate disodique, carbonate acide d'ammonium, carbonate acide de sodium), ar\u00f4mes (contient _lait_). \r\n\r\nPeut contenir s\u00e9same.", "image": "https://static.openfoodfacts.org/images/products/049/000/017/1532/front_fr.10.400.jpg", "link_openfoodfacts": "https://fr.openfoodfacts.org/produit/0490000171532"}}, {"model": "pur_beurre.product", "pk": "3017620429484", "fields": {"name": "Nutella", "brand": "Ferrero,Nutella", "nutriscore": 5, "description": "sucre, huile de palme, noisettes 13 %, cacao maigre 7,4 %, _lait_ \u00e9cr\u00e9m\u00e9 en poudre 8.7%, lactos\u00e9rum en poudre, \u00e9mulsifiants : l\u00e9cithines (soja), vanilline.", "image": "https://static.openfoodfacts.org/images/products/301/762/042/9484/front_fr.147.400.jpg", "link_openfoodfacts": "https://fr.openfoodfacts.org/produit/3017620429484"}}, {"model": "pur_beurre.product", "pk": "3045320076950", "fields": {"name": "Dessert Fruitier\u00ae Pomme Fraise (4 pots) 400 g - Andros", "brand": "Andros", "nutriscore": 1, "description": "Pommes 66%, fraises 25%, sucre, cassis, antioxydant : acide ascorbique.", "image": "https://static.openfoodfacts.org/images/products/304/532/007/6950/front_fr.15.400.jpg", "link_openfoodfacts": "https://fr.openfoodfacts.org/produit/3045320076950"}}, {"model": "pur_beurre.product", "pk": "3175681105393", "fields": {"name": "P\u00e2te \u00e0 tartiner", "brand": "Gerbl\u00e9,Glucoregul", "nutriscore": 1, "description": "\u00c9dulcorants (sorbitol, maltitol), eau, _noisettes_ (10%), inuline, _lait_ \u00e9cr\u00e9m\u00e9 en poudre, cacao maigre en poudre (2,5%), amidon modifi\u00e9, \u00e9mulsifiant : l\u00e9cithine de _soja_.", "image": "https://static.openfoodfacts.org/images/products/317/568/110/5393/front_fr.11.400.jpg", "link_openfoodfacts": "https://fr.openfoodfacts.org/produit/3175681105393"}}, {"model": "pur_beurre.product", "pk": "3175681135895", "fields": {"name": "Moelleux chocolat et noix", "brand": "gerbl\u00e9", "nutriscore": 2, "description": "Farine de _bl\u00e9_, huile de colza, sirop de sucre inverti, glyc\u00e9rol d'origine v\u00e9g\u00e9tale, _noix_ 6%, p\u00e9pites de chocolat 5% (p\u00e2te de cacao, sucre, beurre de cacao, l\u00e9cithines de _soja_), sorbitols d'origine v\u00e9g\u00e9tale, fibre de _bl\u00e9_, amidon de _bl\u00e9_, flocons de _bl\u00e9_, flocons de _soja_, _lait_ \u00e9cr\u00e9m\u00e9 en poudre, fibres d'_avoine_, poudre de cacao maigre, l\u00e9cithines de colza, flocons d'_orge_, flocon de _seigle_, flocons d'_avoine_, poudres \u00e0 lever (carbonates de sodium, diphosphates), sel de mer, acide malique", "image": "https://static.openfoodfacts.org/images/products/317/568/113/5895/front_fr.31.400.jpg", "link_openfoodfacts": "https://fr.openfoodfacts.org/produit/3175681135895"}}, {"model": "pur_beurre.product", "pk": "3222471167991", "fields": {"name": "Marbr\u00e9 Chocolat", "brand": "Casino", "nutriscore": 3, "description": "Farine de _bl\u00e9_, sucre, _\u0153ufs_, huile de colza, agent de charge : polydextrose, chocolat 5,2 % (sucre, p\u00e2te de cacao, beurre de cacao, \u00e9mulsifiant : l\u00e9cithines de _soja_, ar\u00f4me naturel de vanille), sirop de glucose-fructose, poudres \u00e0 lever : carbonates d'ammonium, phosphates de calcium, carbonates de sodium, acide citrique, sel, g\u00e9lifiant : gomme xanthane, farine de _bl\u00e9_ malt\u00e9, ar\u00f4me.", "image": "https://static.openfoodfacts.org/images/products/322/247/116/7991/front_fr.9.400.jpg", "link_openfoodfacts": "https://fr.openfoodfacts.org/produit/3222471167991"}}, {"model": "pur_beurre.product", "pk": "3222472027195", "fields": {"name": "Pain de mie. Sp\u00e9cial Sandwich multic\u00e9r\u00e9ales", "brand": "Casino", "nutriscore": 1, "description": "C\u00e9r\u00e9ales 56% (farine de _bl\u00e9_ 48.4% - farine et levain de _seigle_ 3.2% - farine d'_\u00e9peautre_ 1.2% - son et germe de _bl\u00e9_ 1.1% - malt et farine d'_orge_ 0.78% - flocons d'_avoine_ 0.67% - farine de riz - farine de sarrasin) - eau - graines 7.5% (graines de tournesol 5.3% - graines de lin 2.2%) - huile de colza - sucre - _gluten de bl\u00e9_ - levure - sel - \u00e9mulsifiants : E471, E472e - conservateurs : propionate de calcium - antioxydant : acide ascorbique", "image": "https://static.openfoodfacts.org/images/products/322/247/202/7195/front_fr.14.400.jpg", "link_openfoodfacts": "https://fr.openfoodfacts.org/produit/3222472027195"}}, {"model": "pur_beurre.product", "pk": "3222476078971", "fields": {"name": "Pizza L\u00e9gumes", "brand": "Casino Bio,Casino", "nutriscore": 2, "description": "P\u00e2te pr\u00e9cuite 45,5 % (farine de _bl\u00e9_, eau, huile d'olive vierge extra, levure, sel), courgettes grill\u00e9es 6,5 %, _mozzarella_, tomates cerises 5,5 %, poivrons jaunes et rouges grill\u00e9s 5,3 %, pur\u00e9e de tomate, pulpe de tomate, oignons 4,6 %, artichauts assaisonn\u00e9s 4 % (artichauts, huile de tournesol, sel, \u00e9pices et aromates, correcteur d'acidit\u00e9 : acide citrique, antioxydant : acide ascorbique), _emmental_, aubergines grill\u00e9es 4 %, huile d'olive vierge extra, basilic, sel, origan.", "image": "https://static.openfoodfacts.org/images/products/322/247/607/8971/front_fr.8.400.jpg", "link_openfoodfacts": "https://fr.openfoodfacts.org/produit/3222476078971"}}, {"model": "pur_beurre.product", "pk": "3228850003584", "fields": {"name": "American Sandwich nature", "brand": "Harrys", "nutriscore": 3, "description": "Farine de _bl\u00e9_ 63%. eau, sucre, huile de colza, ar\u00f4me, sel, _gluten de bl\u00e9_, levure, vinaigre, farine de f\u00e8ves, extrait d'ac\u00e9rola,ar\u00f4me (contient alcool)", "image": "https://static.openfoodfacts.org/images/products/322/885/000/3584/front_fr.13.400.jpg", "link_openfoodfacts": "https://fr.openfoodfacts.org/produit/3228850003584"}}, {"model": "pur_beurre.product", "pk": "3228857000197", "fields": {"name": "American Sandwich Complet", "brand": "Harrys", "nutriscore": 1, "description": "Farine compl\u00e8te de _bl\u00e9_ 38 %, eau, farine de _bl\u00e9_, huile de colza, sucre, ar\u00f4me (contient alcool), sel, gluten de _bl\u00e9_, farine de _seigle_ malt\u00e9e, vinaigre, levure, extrait d'ac\u00e9rola.", "image": "https://static.openfoodfacts.org/images/products/322/885/700/0197/front_fr.17.400.jpg", "link_openfoodfacts": "https://fr.openfoodfacts.org/produit/3228857000197"}}, {"model": "pur_beurre.product", "pk": "3250390869672", "fields": {"name": "100% Pur jus Orange Pulp\u00e9e", "brand": "Paquito", "nutriscore": 3, "description": "Jus d'orange, pulpe 4 %.", "image": "https://static.openfoodfacts.org/images/products/325/039/086/9672/front_fr.17.400.jpg", "link_openfoodfacts": "https://fr.openfoodfacts.org/produit/3250390869672"}}, {"model": "pur_beurre.product", "pk": "3259010301400", "fields": {"name": "Croque tofou C\u00e8pes en Persillade", "brand": "Soy", "nutriscore": 1, "description": "Tofu* 91.2%(eau, _soja_* d\u00e9cortiqu\u00e9, g\u00e9lifiants : sulfate de calcium, nigari), c\u00e8pes* r\u00e9hydrat\u00e9s 7%,  flocons d'_avoine_ compl\u00e8te*, farine de _bl\u00e9_*, persil*, \u00e9chalotes*, ail*, sel de mer, sauce _soja_* (eau, _soja_* entier, _bl\u00e9_* entier, sel de mer, alcool*, ferment), extrait de levure*, muscade*, poivre*.\r\n\r\n* ingr\u00e9dients issus de l'agriculture biologique.", "image": "https://static.openfoodfacts.org/images/products/325/901/030/1400/front_fr.29.400.jpg", "link_openfoodfacts": "https://fr.openfoodfacts.org/produit/3259010301400"}}, {"model": "pur_beurre.product", "pk": "3273220082188", "fields": {"name": "Fruits mix\u00e9s (Framboise Passion)", "brand": "Sojasun", "nutriscore": 2, "description": "Jus de soja 78 % (eau, graines de soja* 9%), sucre, framboise 8,2 %, jus de fruits de la passion 2.2 %, phosphate de calcium, \u00e9paississants : pectine - farine de graines de caroube, jus de baie de sureau concentr\u00e9, ar\u00f4me naturel, jus de citron concentr\u00e9, ferments s\u00e9lectionn\u00e9s.", "image": "https://static.openfoodfacts.org/images/products/327/322/008/2188/front_fr.26.400.jpg", "link_openfoodfacts": "https://fr.openfoodfacts.org/produit/3273220082188"}}, {"model": "pur_beurre.product", "pk": "3289196040503", "fields": {"name": "Pur Jus Orange ( Doux et Fruit\u00e9 )", "brand": "L\u00e9a nature - Jardin Bio,Le verger bio,LEA Nature", "nutriscore": 2, "description": "Jus d'orange issu de l'agriculture biologique.", "image": "https://static.openfoodfacts.org/images/products/328/919/604/0503/front_fr.21.400.jpg", "link_openfoodfacts": "https://fr.openfoodfacts.org/produit/3289196040503"}}, {"model": "pur_beurre.product", "pk": "3560070123971", "fields": {"name": "Pizza 4 stagioni", "brand": "Carrefour", "nutriscore": 2, "description": "Farine de _bl\u00e9_, eau, champignos de Paris 7,5%, _mozzarella_ 7%, _emmental_ 7%, artichauts 5%, brocolis 5%, pur\u00e9e de tomates triple concentr\u00e9e, poivrons rouges grill\u00e9s 2,5%, poivrons jaunes grill\u00e9s 2,5%, olives noires confites 1,9% (olive, sel), oignons, huile de colza, sel, dextrose, levure, amidon de _bl\u00e9_, amidon de pomme de terre, origan 0,1%, ail, poivre,", "image": "https://static.openfoodfacts.org/images/products/356/007/012/3971/front_fr.3.400.jpg", "link_openfoodfacts": "https://fr.openfoodfacts.org/produit/3560070123971"}}, {"model": "pur_beurre.product", "pk": "3564707092661", "fields": {"name": "Camembert", "brand": "Bio Village,Marque Rep\u00e8re", "nutriscore": 3, "description": "_Lait_ de vache pasteuris\u00e9 issu de l'agriculture biologique, sel, _ferments_, enzyme coagulante.  ", "image": "https://static.openfoodfacts.org/images/products/356/470/709/2661/front_fr.19.400.jpg", "link_openfoodfacts": "https://fr.openfoodfacts.org/produit/3564707092661"}}, {"model": "pur_beurre.product", "pk": "3760019717623", "fields": {"name": "La vegetariana", "brand": "La Gastronomia Di Angelo", "nutriscore": 1, "description": "Farine de BL\u00c9 tendre, eau, tomate, MOZZARELLA (LAIT, pr\u00e9sure, ferments lactiques, correcteur d'acidit\u00e9 : acide citrique), BL\u00c9 de kamut 12,26 %, aubergines 6,7 %, courgettes 6,4 %, poivrons 6,4 %, artichauts 4,4 %, semoule de BL\u00c9 dur, sel, huile d'olive extra vierge, AVOINE, lin, extrait de raisin et d'olive, germe de BL\u00c9, levure 0,03 %.", "image": "https://static.openfoodfacts.org/images/products/376/001/971/7623/front_fr.30.400.jpg", "link_openfoodfacts": "https://fr.openfoodfacts.org/produit/3760019717623"}}, {"model": "pur_beurre.product", "pk": "3760184010673", "fields": {"name": "Pizza Bolognaise", "brand": "Ital'al", "nutriscore": 1, "description": "P\u00e2te (51%) : farine de _bl\u00e9_, eau huile d'olive vierge extra, levure de panification, sel.\r\nGarniture (49%) : Pur\u00e9e de tomates de provence, \u00e9gren\u00e9 de B\u0153uf (27%), _emmental_ (13%), _mozzarella_ (13%) (_lait_ de vache pasteuris\u00e9, sel, ferments lactiques, coagulant, correcteur d'acidit\u00e9, acide citrique), eau, olives noire (olives, sel), huile d'olive vierge extra, sucre, sel, marjolaine, ail, origan.", "image": "https://static.openfoodfacts.org/images/products/376/018/401/0673/front_fr.7.400.jpg", "link_openfoodfacts": "https://fr.openfoodfacts.org/produit/3760184010673"}}, {"model": "pur_beurre.product", "pk": "3800020433034", "fields": {"name": "Kit Kat Mini Mix (Original, noisette, blanc)", "brand": "Nestl\u00e9,Kit Kat", "nutriscore": 5, "description": "Sucre, farine de _bl\u00e9_, beurre de cacao, _lait_ entier en poudre, mati\u00e8res grasses v\u00e9g\u00e9tales, p\u00e2te de cacao, _petit-lait_ en poudre, mati\u00e8re grasse de _lait_ anhydre, \u00e9mulsifiant (l\u00e9cithine de _soja_), _noisettes_ 0,3 %, cacao maigre, ar\u00f4mes, _lait_ \u00e9cr\u00e9m\u00e9 en poudre, p\u00e2te de noisettes 0,06 %, sel, poudre \u00e0 lever (bicarbonate de sodium).", "image": "https://static.openfoodfacts.org/images/products/380/002/043/3034/front_fr.6.400.jpg", "link_openfoodfacts": "https://fr.openfoodfacts.org/produit/3800020433034"}}, {"model": "pur_beurre.product", "pk": "4001724017578", "fields": {"name": "Delizza Royale", "brand": "Dr. Oetker,Dr.Oetker", "nutriscore": 1, "description": "Farine de BL\u00c9, 18 % pur\u00e9e de tomates, 17 % FROMAGE (GOUDA (LAIT, sel, colorant b\u00eata-carot\u00e8ne), EMMENTAL), 10 % jambon cuit (viande de porc, eau, sel, dextrose, stabilisants (di- et triphosphate, nitrite de sodium), ar\u00f4me, ar\u00f4me de fum\u00e9e), eau, 5,1 % champignons, levure de boulangerie, mati\u00e8re grasse de palme, sucre, sel, huile de colza, extrait de malt d'ORGE, sauce SOJA (eau, graines de SOJA, sel, farine de BL\u00c9), \u00e9mulsifiant (esters mono- et diac\u00e9tyltartriques des mono- et diglyc\u00e9rides d'acides gras), amidon modifi\u00e9, \u00e9paississant (gomme de guar), basilic, origan, ail, poivre, r\u00e9gulateur de |'acidit\u00e9 (phosphates de calcium), paprika.  ", "image": "https://static.openfoodfacts.org/images/products/400/172/401/7578/front_fr.7.400.jpg", "link_openfoodfacts": "https://fr.openfoodfacts.org/produit/4001724017578"}}, {"model": "pur_beurre.product", "pk": "4009900456951", "fields": {"name": "Freedent go\u00fbt fraise", "brand": "Freedent,Wrigley's", "nutriscore": 1, "description": "Edulcorant Xylitol, sorbitol, mannitol, aspartame, acesulfame-K, gomme base, \u00e9paississant gomme arabique, humectant glycerol, aromes, acidifiant acide citrique, emulsifiant l\u00e9cithine de _soja_, acidifiant acide malique, colorant E171, agent d'enrobage cire de carnauba, antioxydant BHA", "image": "https://static.openfoodfacts.org/images/products/400/990/045/6951/front_fr.10.400.jpg", "link_openfoodfacts": "https://fr.openfoodfacts.org/produit/4009900456951"}}, {"model": "pur_beurre.product", "pk": "4902201165914", "fields": {"name": "KitKat Uji Matcha (th\u00e9 vert)", "brand": "KitKat,Nestl\u00e9", "nutriscore": 2, "description": "", "image": "https://static.openfoodfacts.org/images/products/490/220/116/5914/front_fr.9.400.jpg", "link_openfoodfacts": "https://fr.openfoodfacts.org/produit/4902201165914"}}, {"model": "pur_beurre.product", "pk": "5000159459228", "fields": {"name": "Twix", "brand": "Twix,Mars", "nutriscore": 5, "description": "Sucre, sirop de glucose, farine de _bl\u00e9_ 17%, mati\u00e8re grasse de palme, beurre de cacao, _lait_ \u00e9cr\u00e9m\u00e9 en poudre, p\u00e2te de cacao, lactose, beurre concentr\u00e9 (_lait_), _petit-lait_ en poudre, cacao maigre, sel, \u00e9mulsifiant (l\u00e9cithine de _soja_), poudre \u00e0 lever (E500), extrait naturel de vanille.", "image": "https://static.openfoodfacts.org/images/products/500/015/945/9228/front_fr.80.400.jpg", "link_openfoodfacts": "https://fr.openfoodfacts.org/produit/5000159459228"}}, {"model": "pur_beurre.product", "pk": "50251094", "fields": {"name": "KitKat", "brand": "Nestl\u00e9", "nutriscore": 5, "description": "sucre, farine de bl\u00e9, beurre de cacao, lait \u00e9cr\u00e9m\u00e9 en poudre, huile de palme, p\u00e2te de cacao, beurre p\u00e2tissier, petit-lait filtr\u00e9 en poudre, cacao maigre, EMULSIFIANT : L\u00e9cithine de tournesol, ar\u00f4me, ar\u00f4me naturel de vanille, sel, poudre \u00e0 lever (carbonates de sodium)", "image": "https://static.openfoodfacts.org/images/products/50251094/front_fr.13.400.jpg", "link_openfoodfacts": "https://fr.openfoodfacts.org/produit/50251094"}}, {"model": "pur_beurre.product", "pk": "5413623704333", "fields": {"name": "P\u00e2te \u00e0 Tartiner aux Noisettes et Cacao avec \u00c9dulcorants de St\u00e9via", "brand": "Cavalier", "nutriscore": 3, "description": "Huile v\u00e9g\u00e9tale (Colza, Palme), Inuline, Oligofructose, _Noisettes_ (13%), \u00e9dulcorant (\u00c9rythritol, Glycosides de st\u00e9viol), Poudre de cacao r\u00e9duit, _Lait_ \u00e9cr\u00e9m\u00e9 en poudre, Emulsifiant (L\u00e9cithine de tournesol), Ar\u00f4me", "image": "https://static.openfoodfacts.org/images/products/541/362/370/4333/front_fr.3.400.jpg", "link_openfoodfacts": "https://fr.openfoodfacts.org/produit/5413623704333"}}, {"model": "pur_beurre.product", "pk": "7613033134272", "fields": {"name": "Kit Kat mini", "brand": "Nestl\u00e9,Kit Kat", "nutriscore": 5, "description": "", "image": "https://static.openfoodfacts.org/images/products/761/303/313/4272/front_en.9.400.jpg", "link_openfoodfacts": "https://fr.openfoodfacts.org/produit/7613033134272"}}, {"model": "pur_beurre.product", "pk": "7613033950124", "fields": {"name": "Fra\u00eech'Up - 3 viandes poulet b\u0153uf pepperoni ", "brand": "Buitoni", "nutriscore": 2, "description": "P\u00c2TE CRUE (58,5%)* : Farine et gluten de _bl\u00e9_, eau, huile de tournesol, sucre, levure boulang\u00e8re, sel, levain de seigle et de bl\u00e9 (_soja_), extrait de malt d'_orge_, poudres \u00e0 lever (diphosphate disodique, bicarbonate de sodium). \r\nGARNITURE (41,5%)* : Pur\u00e9e de tomates (9,3%)*, viande de poulet cuite (6,4%)*, _mozzarella_, _\u00e9dam_, viande de b\u0153uf cuite (4,8%)*, pepperoni (2,7%)* (viande de porc, bacon de porc, sel, sucre, \u00e9pices et extraits d'\u00e9pices, antioxydant : E300, conservateur : E250, fum\u00e9e), eau, huile de tournesol, oignons, poudre de chili, poudre de tomates, pulpe d'ail, amidon modifi\u00e9 de pomme de terre, paprika, ar\u00f4me, origan, sel, extraits d'\u00e9pices et aromates (cumin, poivre). \r\n* % exprim\u00e9s sur le produit fini. \r\n", "image": "https://static.openfoodfacts.org/images/products/761/303/395/0124/front_fr.8.400.jpg", "link_openfoodfacts": "https://fr.openfoodfacts.org/produit/7613033950124"}}, {"model": "pur_beurre.product", "pk": "8000500180709", "fields": {"name": "Kinder Bueno Mini", "brand": "Kinder,Kinder Bueno,Kinder Bueno Mini,Ferrero", "nutriscore": 5, "description": "Ingr\u00e9dients : chocolat au lait 31 % (sucre, beurre de cacao, p\u00e2te de cacao, lait \u00e9cr\u00e9m\u00e9 en poudre, beurre concentr\u00e9, \u00e9mulsifiants: l\u00e9cithines [soja], vanilline), sucre, huile de palme, farine de froment, noisettes 10,8%, lait \u00e9cr\u00e9m\u00e9 en poudre, lait en poudre, chocolat noir (sucre, p\u00e2te de cacao, beurre de cacao, \u00e9mulsifiants: l\u00e9cithines [soja], vanilline), cacao maigre, \u00e9mulsifiants: l\u00e9cithines [soja], poudres \u00e0 lever (carbonate acide de sodium, carbonate acide d'ammonium), sel, vanilline. Sur le total : produits laitiers 19 % (lait \u00e9cr\u00e9m\u00e9 en poudre, lait en poudre: 18 %, beurre concentr\u00e9 : 1 %). Le chocolat utilis\u00e9 est un chocolat pur beurre de cacao.", "image": "https://static.openfoodfacts.org/images/products/800/050/018/0709/front_fr.9.400.jpg", "link_openfoodfacts": "https://fr.openfoodfacts.org/produit/8000500180709"}}, {"model": "auth.permission", "pk": 1, "fields": {"name": "Can add log entry", "content_type": 1, "codename": "add_logentry"}}, {"model": "auth.permission", "pk": 2, "fields": {"name": "Can change log entry", "content_type": 1, "codename": "change_logentry"}}, {"model": "auth.permission", "pk": 3, "fields": {"name": "Can delete log entry", "content_type": 1, "codename": "delete_logentry"}}, {"model": "auth.permission", "pk": 4, "fields": {"name": "Can view log entry", "content_type": 1, "codename": "view_logentry"}}, {"model": "auth.permission", "pk": 5, "fields": {"name": "Can add user", "content_type": 2, "codename": "add_user"}}, {"model": "auth.permission", "pk": 6, "fields": {"name": "Can change user", "content_type": 2, "codename": "change_user"}}, {"model": "auth.permission", "pk": 7, "fields": {"name": "Can delete user", "content_type": 2, "codename": "delete_user"}}, {"model": "auth.permission", "pk": 8, "fields": {"name": "Can view user", "content_type": 2, "codename": "view_user"}}, {"model": "auth.permission", "pk": 9, "fields": {"name": "Can add permission", "content_type": 3, "codename": "add_permission"}}, {"model": "auth.permission", "pk": 10, "fields": {"name": "Can change permission", "content_type": 3, "codename": "change_permission"}}, {"model": "auth.permission", "pk": 11, "fields": {"name": "Can delete permission", "content_type": 3, "codename": "delete_permission"}}, {"model": "auth.permission", "pk": 12, "fields": {"name": "Can view permission", "content_type": 3, "codename": "view_permission"}}, {"model": "auth.permission", "pk": 13, "fields": {"name": "Can add group", "content_type": 4, "codename": "add_group"}}, {"model": "auth.permission", "pk": 14, "fields": {"name": "Can change group", "content_type": 4, "codename": "change_group"}}, {"model": "auth.permission", "pk": 15, "fields": {"name": "Can delete group", "content_type": 4, "codename": "delete_group"}}, {"model": "auth.permission", "pk": 16, "fields": {"name": "Can view group", "content_type": 4, "codename": "view_group"}}, {"model": "auth.permission", "pk": 17, "fields": {"name": "Can add content type", "content_type": 5, "codename": "add_contenttype"}}, {"model": "auth.permission", "pk": 18, "fields": {"name": "Can change content type", "content_type": 5, "codename": "change_contenttype"}}, {"model": "auth.permission", "pk": 19, "fields": {"name": "Can delete content type", "content_type": 5, "codename": "delete_contenttype"}}, {"model": "auth.permission", "pk": 20, "fields": {"name": "Can view content type", "content_type": 5, "codename": "view_contenttype"}}, {"model": "auth.permission", "pk": 21, "fields": {"name": "Can add session", "content_type": 6, "codename": "add_session"}}, {"model": "auth.permission", "pk": 22, "fields": {"name": "Can change session", "content_type": 6, "codename": "change_session"}}, {"model": "auth.permission", "pk": 23, "fields": {"name": "Can delete session", "content_type": 6, "codename": "delete_session"}}, {"model": "auth.permission", "pk": 24, "fields": {"name": "Can view session", "content_type": 6, "codename": "view_session"}}, {"model": "auth.permission", "pk": 25, "fields": {"name": "Can add product", "content_type": 7, "codename": "add_product"}}, {"model": "auth.permission", "pk": 26, "fields": {"name": "Can change product", "content_type": 7, "codename": "change_product"}}, {"model": "auth.permission", "pk": 27, "fields": {"name": "Can delete product", "content_type": 7, "codename": "delete_product"}}, {"model": "auth.permission", "pk": 28, "fields": {"name": "Can view product", "content_type": 7, "codename": "view_product"}}, {"model": "auth.permission", "pk": 29, "fields": {"name": "Can add save", "content_type": 8, "codename": "add_save"}}, {"model": "auth.permission", "pk": 30, "fields": {"name": "Can change save", "content_type": 8, "codename": "change_save"}}, {"model": "auth.permission", "pk": 31, "fields": {"name": "Can delete save", "content_type": 8, "codename": "delete_save"}}, {"model": "auth.permission", "pk": 32, "fields": {"name": "Can view save", "content_type": 8, "codename": "view_save"}}, {"model": "auth.user", "pk": 2, "fields": {"password": "pbkdf2_sha256$120000$PDqQVJM988xW$DKoqLixZkLw3Xa0HPObGDp8qkxgiCxVmpqle2Mnl8kE=", "last_login": "2018-10-03T15:16:29.438Z", "is_superuser": true, "username": "cocomo", "first_name": "", "last_name": "", "email": "cocomows@gmail.com", "is_staff": true, "is_active": true, "date_joined": "2018-08-29T12:55:07.708Z", "groups": [], "user_permissions": []}}, {"model": "auth.user", "pk": 3, "fields": {"password": "pbkdf2_sha256$120000$27CuyKFWep4Q$rgTLVJRvLldynM7ID5EnFHVLcsTTzxfJNKCJsUCW9rM=", "last_login": "2018-08-29T13:26:09.811Z", "is_superuser": false, "username": "cocotin", "first_name": "", "last_name": "", "email": "", "is_staff": false, "is_active": true, "date_joined": "2018-08-29T13:25:30.678Z", "groups": [], "user_permissions": []}}, {"model": "auth.user", "pk": 10, "fields": {"password": "pbkdf2_sha256$120000$Xs6aUIEXcOlA$ZLMrY3u65irIZ/Cm1wPyUV73Q/c88dTiQFQ4Pv9qtSo=", "last_login": "2018-09-24T15:20:34.341Z", "is_superuser": false, "username": "testuser", "first_name": "", "last_name": "", "email": "email@mail.com", "is_staff": false, "is_active": true, "date_joined": "2018-09-18T10:21:25.565Z", "groups": [], "user_permissions": []}}, {"model": "auth.user", "pk": 12, "fields": {"password": "pbkdf2_sha256$120000$5bjomDhtNlIw$a8q0mL1FzmwgXn2IHtrODKlJxHsFc4TBfbM110y+rrU=", "last_login": null, "is_superuser": false, "username": "testuser5", "first_name": "", "last_name": "", "email": "testuser5@mail.com", "is_staff": false, "is_active": true, "date_joined": "2018-10-02T09:32:21.280Z", "groups": [], "user_permissions": []}}, {"model": "auth.user", "pk": 13, "fields": {"password": "pbkdf2_sha256$120000$VxDvk55o5Emz$6qZn6z6BpjkmAmLPvbTckVe+r95BpvR7xk0KFUEHz6E=", "last_login": null, "is_superuser": false, "username": "testuser6", "first_name": "", "last_name": "", "email": "testuser6@mail.com", "is_staff": false, "is_active": true, "date_joined": "2018-10-02T09:33:32.281Z", "groups": [], "user_permissions": []}}, {"model": "auth.user", "pk": 14, "fields": {"password": "pbkdf2_sha256$120000$4vfck7xD3Dpj$AdjMPj833fbs2SeGnTRmruDbtAE5okCM//ntpbx8lEo=", "last_login": "2018-10-02T14:26:21.117Z", "is_superuser": false, "username": "camoute", "first_name": "", "last_name": "", "email": "babarit.camille@gmail.com", "is_staff": false, "is_active": true, "date_joined": "2018-10-02T14:26:04.839Z", "groups": [], "user_permissions": []}}, {"model": "pur_beurre.save", "pk": 4, "fields": {"date": "2018-09-20T13:56:29.442Z", "saved_by": 2, "saved_product": "4902201165914"}}, {"model": "pur_beurre.save", "pk": 12, "fields": {"date": "2018-09-20T14:29:36.044Z", "saved_by": 2, "saved_product": "3222476078971"}}, {"model": "pur_beurre.save", "pk": 13, "fields": {"date": "2018-09-20T15:03:38.507Z", "saved_by": 2, "saved_product": "0490000171532"}}, {"model": "pur_beurre.save", "pk": 14, "fields": {"date": "2018-09-20T15:03:45.118Z", "saved_by": 2, "saved_product": "5000159459228"}}, {"model": "pur_beurre.save", "pk": 15, "fields": {"date": "2018-09-20T15:03:47.315Z", "saved_by": 2, "saved_product": "50251094"}}, {"model": "pur_beurre.save", "pk": 18, "fields": {"date": "2018-09-24T16:45:11.281Z", "saved_by": 10, "saved_product": "3045320076950"}}, {"model": "pur_beurre.save", "pk": 20, "fields": {"date": "2018-10-02T08:45:45.531Z", "saved_by": 2, "saved_product": "4001724017578"}}, {"model": "pur_beurre.save", "pk": 21, "fields": {"date": "2018-10-02T08:58:50.247Z", "saved_by": 2, "saved_product": "3175681135895"}}, {"model": "pur_beurre.save", "pk": 22, "fields": {"date": "2018-10-02T14:28:35.592Z", "saved_by": 14, "saved_product": "3289196040503"}}, {"model": "pur_beurre.save", "pk": 23, "fields": {"date": "2018-10-02T14:29:34.553Z", "saved_by": 14, "saved_product": "3228857000197"}}, {"model": "pur_beurre.save", "pk": 24, "fields": {"date": "2018-10-02T14:32:59.826Z", "saved_by": 14, "saved_product": "3228850003584"}}, {"model": "pur_beurre.save", "pk": 25, "fields": {"date": "2018-10-02T14:33:20.959Z", "saved_by": 14, "saved_product": "3250390869672"}}, {"model": "pur_beurre.save", "pk": 27, "fields": {"date": "2018-10-02T14:35:51.630Z", "saved_by": 14, "saved_product": "3175681105393"}}, {"model": "pur_beurre.save", "pk": 28, "fields": {"date": "2018-10-03T12:29:13.400Z", "saved_by": 2, "saved_product": "3017620429484"}}, {"model": "pur_beurre.save", "pk": 30, "fields": {"date": "2018-10-03T15:15:53Z", "saved_by": 2, "saved_product": "3273220082188"}}, {"model": "pur_beurre.save", "pk": 31, "fields": {"date": "2018-10-03T15:17:26.479Z", "saved_by": 2, "saved_product": "3222471167991"}}, {"model": "admin.logentry", "pk": 1, "fields": {"action_time": "2018-08-29T13:20:27.086Z", "user": 2, "content_type": 2, "object_id": "1", "object_repr": "corentin", "action_flag": 2, "change_message": "[{\"changed\": {\"fields\": [\"username\"]}}]"}}, {"model": "admin.logentry", "pk": 2, "fields": {"action_time": "2018-08-29T13:25:30.794Z", "user": 2, "content_type": 2, "object_id": "3", "object_repr": "cocotin", "action_flag": 1, "change_message": "[{\"added\": {}}]"}}, {"model": "admin.logentry", "pk": 3, "fields": {"action_time": "2018-09-04T09:34:37.326Z", "user": 2, "content_type": 2, "object_id": "7", "object_repr": "ololo", "action_flag": 3, "change_message": ""}}, {"model": "admin.logentry", "pk": 4, "fields": {"action_time": "2018-09-17T09:41:43.147Z", "user": 2, "content_type": 7, "object_id": "3029330003458", "object_repr": "Pain de mie", "action_flag": 2, "change_message": "[{\"changed\": {\"fields\": [\"code\"]}}]"}}, {"model": "admin.logentry", "pk": 5, "fields": {"action_time": "2018-09-17T09:42:07.413Z", "user": 2, "content_type": 7, "object_id": "0", "object_repr": "Pain de mie", "action_flag": 3, "change_message": ""}}, {"model": "admin.logentry", "pk": 6, "fields": {"action_time": "2018-09-17T10:07:59.226Z", "user": 2, "content_type": 7, "object_id": "3029330003458", "object_repr": "Pain de mie", "action_flag": 3, "change_message": ""}}, {"model": "admin.logentry", "pk": 7, "fields": {"action_time": "2018-09-17T10:07:59.252Z", "user": 2, "content_type": 7, "object_id": "0", "object_repr": "American Sandwich Complet", "action_flag": 3, "change_message": ""}}, {"model": "admin.logentry", "pk": 8, "fields": {"action_time": "2018-09-18T10:20:02.460Z", "user": 2, "content_type": 2, "object_id": "4", "object_repr": "Cocomo", "action_flag": 3, "change_message": ""}}, {"model": "admin.logentry", "pk": 9, "fields": {"action_time": "2018-09-18T10:20:23.265Z", "user": 2, "content_type": 2, "object_id": "1", "object_repr": "corentin", "action_flag": 3, "change_message": ""}}, {"model": "admin.logentry", "pk": 10, "fields": {"action_time": "2018-09-18T10:20:23.302Z", "user": 2, "content_type": 2, "object_id": "5", "object_repr": "testuser", "action_flag": 3, "change_message": ""}}, {"model": "admin.logentry", "pk": 11, "fields": {"action_time": "2018-09-18T10:20:23.324Z", "user": 2, "content_type": 2, "object_id": "6", "object_repr": "testuser2", "action_flag": 3, "change_message": ""}}, {"model": "admin.logentry", "pk": 12, "fields": {"action_time": "2018-09-18T10:20:23.346Z", "user": 2, "content_type": 2, "object_id": "9", "object_repr": "Testuser3", "action_flag": 3, "change_message": ""}}, {"model": "admin.logentry", "pk": 13, "fields": {"action_time": "2018-09-18T10:20:30.965Z", "user": 2, "content_type": 2, "object_id": "8", "object_repr": "12345", "action_flag": 3, "change_message": ""}}, {"model": "admin.logentry", "pk": 14, "fields": {"action_time": "2018-09-20T13:37:06.421Z", "user": 2, "content_type": 8, "object_id": "1", "object_repr": "cocomo a sauvegard\u00e9 le produit La vegetariana le 2018-09-20 13:37:00+00:00", "action_flag": 1, "change_message": "[{\"added\": {}}]"}}, {"model": "admin.logentry", "pk": 15, "fields": {"action_time": "2018-09-20T14:18:40.015Z", "user": 2, "content_type": 8, "object_id": "5", "object_repr": "Cocomo a sauvegard\u00e9 le produit KitKat Uji Matcha (th\u00e9 vert) le 2018-09-20 13:57:08.646623+00:00", "action_flag": 3, "change_message": ""}}, {"model": "admin.logentry", "pk": 16, "fields": {"action_time": "2018-10-02T09:31:59.138Z", "user": 2, "content_type": 2, "object_id": "11", "object_repr": "testuser5", "action_flag": 3, "change_message": ""}}, {"model": "admin.logentry", "pk": 17, "fields": {"action_time": "2018-10-03T15:16:47.022Z", "user": 2, "content_type": 8, "object_id": "30", "object_repr": "Cocomo a sauvegard\u00e9 le produit Fruits mix\u00e9s (Framboise Passion) le 2018-10-03 17:15:53+02:00", "action_flag": 2, "change_message": "[]"}}]